Date,Team,Opp,Shots/90,OppShotsA/90,SoT/90,Opp_SoTA/90,Win_Odds,CS_Odds,Odds_GF,OddsShark_GF,Avg_GF,FiveThirtyEight_Odds,Opp_Odds,Opp_CS_Odds,Opp_Odds_INV,Opp_CS_Odds_INV,Opp_FiveThirtyEight_Odds,Opp_FiveThirtyEight_Odds_INV,Real_SoT,Real_Shots,Real_Goals,SoT%
8/25/20,DC United,New England,8.5,10.67,3.17,4.67,39.22,29.41,1.46,1.8,1.63,37,34.48,27.78,65.52,72.22,36,64,2,11,1,0.182
8/25/20,New England,DC United,15,13.17,3.67,4.67,34.48,27.78,1.49,1,1.245,36,39.22,29.41,60.78,70.59,37,63,6,13,2,0.462
8/25/20,Chicago,Cincinnati,14.33,10,3.83,4.17,58.82,40,2.04,2.2,2.12,61,19.05,19.05,80.95,80.95,17,83,7,14,3,0.5
8/25/20,Cincinnati,Chicago,8.5,9.83,3.17,3,19.05,19.05,1.11,0.8,0.955,17,58.82,40,41.18,60,61,39,1,8,0,0.125
8/25/20,Philadelphia,NY Red Bulls,10.67,10.33,4.17,3.17,43.48,27.78,1.7,1.9,1.8,49,31.25,23.08,68.75,76.92,27,73,4,10,1,0.4
8/25/20,NY Red Bulls,Philadelphia,11,11.5,4,5.67,31.25,23.08,1.46,1,1.23,27,43.48,27.78,56.52,72.22,49,51,3,8,0,0.375
8/25/20,Montreal,Vancouver,8.8,13.14,3,5.71,57.58,40,1.93,2.2,2.065,58,17.86,18.18,82.14,81.82,19,81,4,12,2,0.333
8/25/20,Vancouver,Montreal,7.29,15.6,2.29,4.8,17.86,18.18,1.16,0.8,0.98,19,57.58,40,42.42,60,58,42,2,10,0,0.2
8/25/20,Sporting KC,Houston,13,12.67,5,5,62.5,38.1,2.05,2.6,2.325,51,18.18,16.67,81.82,83.33,25,75,3,14,2,0.214
8/25/20,Houston,Sporting KC,14.33,8.17,3.5,2.83,18.18,16.67,1.19,0.6,0.895,25,62.5,38.1,37.5,61.9,51,49,8,12,5,0.667
8/26/20,Orlando,Nashville,11.5,6,4.83,3.2,54.05,38.46,1.79,2.2,1.995,52,23.81,22.22,76.19,77.78,22,78,7,15,3,0.467
8/26/20,Nashville,Orlando,14.4,8.17,4.4,3.83,23.81,22.22,1.19,0.6,0.895,22,54.05,38.46,45.95,61.54,52,48,5,16,1,0.313
8/28/20,Montreal,Toronto,9.33,7.86,3.17,3.14,26.67,21.05,1.36,1.2,1.28,29,50,33.33,50,66.67,46,54,1,2,1,0.5
8/28/20,Toronto,Montreal,15,14.67,6.57,4,50,33.33,1.81,1.7,1.755,46,26.67,21.05,73.33,78.95,29,71,1,4,0,0.25
8/29/20,Atlanta,Orlando,11,9.29,3.86,4,39.29,26.32,1.43,1.1,1.265,46,37.04,27.78,62.96,72.22,29,71,4,11,1,0.364
8/29/20,Orlando,Atlanta,12,13.6,4.75,3.67,37.04,27.78,1.47,1.7,1.585,29,39.29,26.32,60.71,73.68,46,54,3,10,3,0.3
8/29/20,NYCFC,Chicago,12.86,9.57,4.37,3.25,64.71,70,1.64,2,1.82,48,16.67,23.26,83.33,76.74,27,73,7,19,3,0.368
8/29/20,Chicago,NYCFC,14.29,11.14,4.27,5.25,16.67,23.26,1.03,1.3,1.165,27,64.71,70,35.29,30,48,52,5,11,1,0.455
8/29/20,Philadelphia,DC United,10.57,13.14,4.25,3.43,67.31,68.42,1.66,1.8,1.73,52,15.38,21.05,84.62,78.95,23,77,5,19,4,0.263
8/29/20,DC United,Philadelphia,8.86,11,3.25,5.13,15.38,21.05,1.05,1.4,1.225,23,67.31,68.42,32.69,31.58,52,48,4,12,1,0.333
8/29/20,Cincinnati,Columbus,8.43,9.29,2.75,2.88,30.77,59.38,1.29,1.6,1.445,22,46.51,52.17,53.49,47.83,51,49,2,5,0,0.4
8/29/20,Columbus,Cincinnati,9.71,10.57,3.87,4.38,46.51,52.17,1.47,1.4,1.435,51,30.77,59.38,69.23,40.63,22,78,3,7,0,0.429
8/29/20,New England,NY Red Bulls,14.71,10.29,4.12,3.5,51.95,30.77,1.61,1.6,1.605,45,28.57,27.42,71.43,72.58,30,70,5,14,1,0.357
8/29/20,NY Red Bulls,New England,10.57,10.71,3.87,4.25,28.57,27.42,1.39,1.5,1.445,30,51.95,30.77,48.05,69.23,45,55,4,8,1,0.5
8/29/20,Dallas,Minnesota,12,14.83,4,3.86,39.22,26.32,1.47,1.8,1.635,41,40,26.32,60,73.68,33,67,6,10,3,0.6
8/29/20,Minnesota,Dallas,12.33,15.2,4.86,4.33,40,26.32,1.47,1,1.235,33,39.22,26.32,60.78,73.68,41,59,4,15,1,0.267
8/29/20,Colorado,Sporting KC,13,8.71,4.43,3.5,44.44,24.68,1.58,1.2,1.39,38,37.04,21.88,62.96,78.13,40,60,4,10,1,0.4
8/29/20,Sporting KC,Colorado,13.14,12.5,4.5,5.86,37.04,21.88,1.53,1.8,1.665,40,44.44,24.68,55.56,75.32,38,62,3,13,1,0.231
8/29/20,Portland,Real Salt Lake,10,10,4.29,3.14,47.62,32,1.52,1.8,1.66,42,31.25,23.08,68.75,76.92,31,69,5,15,4,0.333
8/29/20,Real Salt Lake,Portland,10.5,10.83,4,4.29,31.25,23.08,1.33,1.4,1.365,31,47.62,32,52.38,68,42,58,8,29,4,0.276
8/29/20,LA Galaxy,San Jose,10,14.8,4.29,5.33,34.48,20,1.53,1.5,1.515,47,42.11,23.08,57.89,76.92,33,67,10,19,3,0.526
8/29/20,San Jose,LA Galaxy,17.4,11,5.83,4.71,42.11,23.08,1.59,1.5,1.545,33,34.48,20,65.52,80,47,53,4,10,2,0.4
8/30/20,Nashville,Miami,14.67,12.83,4.5,4.17,41.67,32.76,1.44,1.3,1.37,30,34.48,28.85,65.52,71.15,43,57,2,5,1,0.4
8/30/20,Miami,Nashville,11.17,7.5,3.67,3.83,34.48,28.85,1.34,1.6,1.47,43,41.67,32.76,58.33,67.24,30,70,5,18,0,0.278
8/30/20,Seattle,LAFC,12.67,11.33,4,4.5,46.51,20,1.47,1.1,1.285,33,48.78,27.78,51.22,72.22,45,55,3,10,3,0.3
8/30/20,LAFC,Seattle,18.17,9.67,7.5,4.33,48.78,27.78,1.6,2,1.8,45,46.51,20,53.49,80,33,67,4,10,1,0.4
9/1/20,Toronto,Montreal,13.63,13.14,5.75,3.57,68.75,47.62,2.05,2.8,2.425,60,13.7,16.67,86.3,83.33,18,82,6,20,0,0.3
9/1/20,Montreal,Toronto,8.29,7.13,2.71,2.88,13.7,16.67,0.98,0.3,0.64,18,68.75,47.62,31.25,52.38,60,40,3,10,1,0.3
9/2/20,Atlanta,Miami,11,11.71,3.86,3.86,45.83,30.3,1.74,2.2,1.97,41,29.9,22.22,70.1,77.78,32,68,1,6,0,0.167
9/2/20,Miami,Atlanta,12.14,13,3.86,3.57,29.9,22.22,1.43,0.8,1.115,32,45.83,30.3,54.17,69.7,41,59,3,11,0,0.273
9/2/20,NY Red Bulls,DC United,10.25,13.88,3.87,4.88,56,37.04,1.83,2.2,2.015,48,17.39,19.05,82.61,80.95,27,73,4,17,0,0.235
9/2/20,DC United,NY Red Bulls,9.25,10.75,3.12,3.5,17.39,19.05,1.24,0.8,1.02,27,56,37.04,44,62.96,48,52,3,5,1,0.6
44076,Columbus,Philadelphia,9.38,11.13,3.87,5.125,47.22,33.33,1.7,1.8,1.75,41,27.78,23.08,72.22,76.92,31,69,5,12,1,0.42
9/2/20,Philadelphia,Columbus,11.63,8.75,4.25,2.88,27.78,23.08,1.36,1,1.18,31,47.22,33.33,52.78,66.67,41,59,4,14,0,0.286
9/2/20,Cincinnati,Chicago,8,10.75,2.75,3.25,30.3,23.08,1.36,1.2,1.28,36,45.83,31.25,54.17,68.75,49,51,3,13,0,0.231
9/2/20,Chicago,Cincinnati,13.88,10.13,4.37,4.38,45.83,31.25,1.63,1.6,1.615,49,30.3,23.08,69.7,76.92,36,64,1,8,0,0.125
9/2/20,New England,NYCFC,14.63,11.13,4.12,5.25,41.38,27.78,1.63,1.7,1.665,37,34.48,25,65.52,75,37,63,3,15,0,0.2
9/2/20,NYCFC,New England,13.63,10.38,4.37,4.25,34.48,25,1.49,1.2,1.345,37,41.38,27.78,58.62,72.22,37,63,5,11,2,0.455
9/2/20,Houston,Minnesota,14,14.14,4.14,3.86,39.62,26.32,1.7,1.6,1.65,40,36.36,25,63.64,75,36,64,11,21,3,0.524
9/2/20,Minnesota,Houston,12.71,12.86,4.86,4.57,36.36,25,1.63,1.3,1.465,36,39.62,26.32,60.38,73.68,40,60,4,13,0,0.308
9/2/20,Nashville,Orlando,13.29,9.5,4.29,4,35.71,42.55,1.46,1.1,1.28,32,39.29,44.44,60.71,55.56,41,59,4,8,1,0.5
9/2/20,Orlando,Nashville,11.75,9,4.75,4,39.29,44.44,1.48,1.6,1.54,41,35.71,42.55,64.29,57.45,32,68,3,7,1,0.429
9/2/20,Sporting KC,Dallas,13.13,15.17,4.5,4.33,57.14,37.04,1.93,2.1,2.015,45,20,18.18,80,81.82,31,69,3,22,1,0.136
9/2/20,Dallas,Sporting KC,11.67,8.88,4,3.5,20,18.18,1.24,1,1.12,31,57.14,37.04,42.86,62.96,45,55,5,5,1,1
9/2/20,Real Salt Lake,Seattle,13.14,9.71,4,4.29,40.91,29.41,1.62,1.6,1.61,38,33.93,26.32,66.07,73.68,34,66,4,12,2,0.333
9/2/20,Seattle,Real Salt Lake,12.29,10.71,3.86,3.14,33.93,26.32,1.49,1.2,1.345,34,40.91,29.41,59.09,70.59,38,62,2,4,2,0.5
9/2/20,Portland,LA Galaxy,10.71,10.86,4.29,4.71,48.28,29.41,1.83,2,1.915,37,28.57,20,71.43,80,42,58,3,17,2,0.176
9/2/20,LA Galaxy,Portland,11.29,13.43,4.29,4.29,28.57,20,1.62,1,1.31,42,48.28,29.41,51.72,70.59,37,63,7,15,3,0.467
9/2/20,LAFC,San Jose,17,15.5,7,5.33,61.11,33.33,2.22,2.8,2.51,62,20,14.29,80,85.71,20,80,8,20,5,0.4
9/2/20,San Jose,LAFC,16.17,11.14,5.83,4.29,20,14.29,1.42,0.7,1.06,20,61.11,33.33,38.89,66.67,62,38,2,9,1,0.222
9/5/20,Houston,Sporting KC,14.88,8.4,5.12,3.67,38.46,25,1.7,1.9,1.8,40,38.46,25,61.54,75,36,64,6,9,2,0.667
9/5/20,Sporting KC,Houston,14.11,12.88,4.33,4.5,38.46,25,1.7,1.3,1.5,36,38.46,25,61.54,75,40,60,3,11,1,0.273
9/5/20,Orlando,Atlanta,11.22,12.71,4.56,3.5,49.4,34.48,1.79,2,1.895,44,26.32,21.05,73.68,78.95,31,69,3,15,1,0.2
9/5/20,Atlanta,Orlando,10.29,9.3,3.5,4,26.32,21.05,1.26,0.9,1.08,31,49.4,34.48,50.6,65.52,44,56,6,9,1,0.667
9/5/20,Vancouver,Toronto,7.63,7.44,2.12,2.89,23.08,17.39,1.21,0.5,0.855,18,65.22,43.48,34.78,56.52,60,40,3,7,3,0.429
9/5/20,Toronto,Vancouver,14.33,13.05,5.78,5.38,65.22,43.48,2.05,2.4,2.225,60,23.08,17.39,76.92,82.61,18,82,8,22,2,0.364
9/5/20,San Jose,Colorado,15.14,12.57,5.29,5.86,45.45,30.3,1.76,1.4,1.58,47,29.82,21.05,70.18,78.95,31,69,1,13,1,0.077
9/5/20,Colorado,San Jose,12.57,16.14,4.43,5.71,29.82,21.05,1.46,1.6,1.53,31,45.45,30.3,54.55,69.7,47,53,6,10,1,0.6
9/6/20,DC United,NYCFC,8.78,11.6,3.11,5,28.57,23.08,1.39,1,1.195,30,48.78,33.33,51.22,66.67,44,56,0,0,0,0
9/6/20,NYCFC,DC United,13.33,14.19,4.44,5,48.78,33.33,1.7,1.8,1.75,44,28.57,23.08,71.43,76.92,30,70,3,19,0,0.158
9/6/20,NY Red Bulls,Philadelphia,11,11.22,4.11,5.11,45.45,30.3,1.7,1.7,1.7,37,31.25,23.08,68.75,76.92,38,62,0,7,0,0
9/6/20,Philadelphia,NY Red Bulls,11.89,10.1,4.22,3.44,31.25,23.08,1.43,1.1,1.265,38,45.45,30.3,54.55,69.7,37,63,5,9,3,0.556
9/6/20,Chicago,New England,13.22,10.41,4,4.33,42.11,27.78,1.7,1.8,1.75,44,34.48,25,65.52,75,31,69,6,17,1,0.353
9/6/20,New England,Chicago,14.67,11,4,3.22,34.48,25,1.7,1,1.35,31,42.11,27.78,57.89,72.22,44,56,3,9,2,0.333
9/6/20,Columbus,Cincinnati,9.67,9.9,4,4,66.67,50,2,2.6,2.3,62,13.33,17.39,86.67,82.61,12,88,7,18,3,0.39
9/6/20,Cincinnati,Columbus,8.56,9.32,2.78,3,13.33,17.39,0.96,0.4,0.68,12,66.67,50,33.33,50,62,38,0,7,0,0
9/6/20,Miami,Nashville,12,8.78,3.75,3.88,44.74,35.71,1.54,1.7,1.62,55,30.3,28,69.7,72,18,82,5,13,0,0.385
9/6/20,Nashville,Miami,12.63,11,4.12,3.5,30.3,28,1.24,1.1,1.17,18,44.74,35.71,55.26,64.29,55,45,4,16,0,0.25
9/6/20,Minnesota,Real Salt Lake,12.75,9.88,4.75,2.88,46.67,33.33,1.64,2.2,1.92,41,29.41,25,70.59,75,33,67,6,13,4,0.462
9/6/20,Real Salt Lake,Minnesota,13,15,4.12,4.88,29.41,25,1.33,0.7,1.015,33,46.67,33.33,53.33,66.67,41,59,4,8,0,0.5
9/6/20,Seattle,Portland,11.25,13.63,3.5,4.63,48.78,31.25,1.82,2,1.91,54,28.57,21.05,71.43,78.95,25,75,3,15,1,0.2
9/6/20,Portland,Seattle,11.5,10,4.12,3.13,28.57,21.05,1.39,0.9,1.145,25,48.78,31.25,51.22,68.75,54,46,5,8,2,0.625
9/6/20,LA Galaxy,LAFC,11.75,10.88,4.62,4,28.57,15.38,1.88,1.2,1.54,31,52.63,23.08,47.37,76.92,49,51,5,8,3,0.625
9/6/20,LAFC,LA Galaxy,17.38,11.58,7.12,4.5,52.63,23.08,2.46,2.4,2.43,49,28.57,15.38,71.43,84.62,31,69,7,17,0,0.412
9/9/20,Miami,Atlanta,12.11,13,3.89,3.44,47.22,35.71,1.69,1.8,1.745,51,27.78,25,72.22,75,22,78,3,8,2,0.375
9/9/20,Atlanta,Miami,10.13,11.2,3.78,3.56,27.78,25,1.24,1.1,1.17,22,47.22,35.71,52.78,64.29,51,49,1,13,5,0.077
9/9/20,Minnesota,Dallas,12.78,16.2,4.89,4.14,45,33.33,1.63,1.8,1.715,50,29.41,25,70.59,75,26,74,6,19,3,0.316
9/9/20,Dallas,Minnesota,10.71,14.2,4.14,4.67,29.41,25,1.36,1,1.18,26,45,33.33,55,66.67,50,50,2,12,2,0.167
9/9/20,Montreal,Toronto,8.5,7.4,2.75,2.9,26.32,21.05,1.33,0.8,1.065,33,52.38,34.78,47.62,65.22,42,58,3,5,1,0.6
9/9/20,Toronto,Montreal,15.1,14,6,3.88,52.38,34.78,1.78,2.2,1.99,42,26.32,21.05,73.68,78.95,33,67,10,13,2,0.769
9/9/20,Colorado,Houston,12.25,12.7,4.62,4.33,43.9,27.78,1.82,2,1.91,44,32.26,21.05,67.74,78.95,33,67,7,26,1,0.269
9/9/20,Houston,Colorado,14.22,12.6,5.22,5.25,32.26,21.05,1.54,1,1.27,33,43.9,27.78,56.1,72.22,44,56,3,10,1,0.3
9/9/20,Real Salt Lake,LAFC,12.44,10.5,4,4.11,31.25,21.05,1.54,1,1.27,31,45.83,27.78,54.17,72.22,45,55,8,19,3,0.421
9/9/20,LAFC,Real Salt Lake,17.33,10.2,7.11,3.22,45.83,27.78,1.81,1.9,1.855,45,31.25,21.05,68.75,78.95,31,69,8,18,0,0.444
9/10/20,Seattle,San Jose,11.67,15.4,3.33,5.75,56.67,34.78,1.94,2.5,2.22,55,22.22,18.18,77.78,81.82,24,76,11,16,7,0.688
9/10/20,San Jose,Seattle,14.88,9.8,4.75,4.44,22.22,18.18,1.24,0.6,0.92,24,56.67,34.78,43.33,65.22,55,45,5,11,1,0.455
9/12/20,Chicago,Columbus,13.6,10.1,4.2,2.7,35.71,21.05,1.54,1.8,1.67,41,40.54,27.78,59.46,72.22,31,69,6,15,2,0.4
9/12/20,Columbus,Chicago,10.5,12,4.2,3.2,40.54,27.78,1.81,1.3,1.555,31,35.71,21.05,64.29,78.95,41,59,6,19,2,0.316
9/12/20,DC United,NY Red Bulls,7.9,11.1,2.8,3.6,31.25,26.32,1.43,1.2,1.315,41,43.48,31.25,56.52,68.75,32,68,4,8,0,0.5
9/12/20,NY Red Bulls,DC United,10.6,16.3,3.7,4.8,43.48,31.25,1.64,1.6,1.62,32,31.25,26.32,68.75,73.68,41,59,5,9,2,0.556
9/12/20,NYCFC,Cincinnati,13.9,11.9,4.3,4.2,66.67,44.44,2.05,2.5,2.275,77,14.29,16.67,85.71,83.33,6,94,4,16,2,0.25
9/12/20,Cincinnati,NYCFC,8.4,11.6,2.5,4.5,14.29,16.67,1.03,0.5,0.765,6,66.67,44.44,33.33,55.56,77,23,5,14,1,0.357
9/12/20,Orlando,Miami,11.6,11.4,4.4,3.3,50.88,38.1,1.74,2.4,2.07,45,25,23.08,75,76.92,30,70,3,8,2,0.375
9/12/20,Miami,Orlando,11.7,10.3,3.8,4.2,25,23.08,1.24,0.6,0.92,30,50.88,38.1,49.12,61.9,45,55,3,12,1,0.25
9/12/20,Philadelphia,New England,11.6,12.3,4.3,4.5,45.83,31.25,1.74,2,1.87,56,26.67,23.08,73.33,76.92,21,79,5,15,2,0.333
9/12/20,New England,Philadelphia,14.1,12,3.9,4.6,26.67,23.08,1.36,0.8,1.08,21,45.83,31.25,54.17,68.75,56,44,2,9,1,0.222
9/12/20,Dallas,Houston,10.75,14.6,3.87,4.5,44.74,33.33,1.63,2,1.815,48,28.57,25,71.43,75,28,72,5,13,2,0.385
9/12/20,Houston,Dallas,13.8,16.6,4.9,4.25,28.57,25,1.24,0.7,0.97,28,44.74,33.33,55.26,66.67,48,52,3,16,1,0.188
9/12/20,Nashville,Atlanta,13,12.3,4.11,3.4,43.48,37.04,1.54,1.8,1.67,38,31.25,28.85,68.75,71.15,33,67,5,8,4,0.625
9/12/20,Atlanta,Nashville,9.4,10.4,3.9,4,31.25,28.85,1.36,0.9,1.13,33,43.48,37.04,56.52,62.96,38,62,3,9,2,0.333
9/12/20,Real Salt Lake,Colorado,13.2,12.2,4.5,5,50,34.48,1.74,1.9,1.82,52,26.67,22.22,73.33,77.78,24,76,1,9,0,0.111
9/12/20,Colorado,Real Salt Lake,13.78,11.3,4.78,3.7,26.67,22.22,1.28,1,1.14,24,50,34.48,50,65.52,52,48,8,16,5,0.5
9/13/20,Sporting KC,Minnesota,13.8,13.9,4.2,4.3,57.58,35.71,1.93,2.1,2.015,50,22.22,18.18,77.78,81.82,27,73,6,22,1,0.273
9/13/20,Minnesota,Sporting KC,13.2,9.4,4.9,3.9,22.22,18.18,1.24,0.8,1.02,27,57.58,35.71,42.42,64.29,50,50,0,6,0,0
9/13/20,Vancouver,Montreal,7.56,13.8,2.22,4.7,37.78,27.78,1.72,1.8,1.76,35,37.5,27.78,62.5,72.22,39,61,6,13,2,0.462
9/13/20,Montreal,Vancouver,8.11,15.8,2.78,5.7,37.5,27.78,1.54,0.8,1.17,39,37.78,27.78,62.22,72.22,35,65,7,18,4,0.389
9/13/20,LAFC,Portland,17.4,15.5,7.2,4.3,63.64,33.33,2.22,2.6,2.41,66,18.87,13.33,81.13,86.67,17,83,6,14,4,0.429
9/13/20,Portland,LAFC,11.11,11.7,4.22,4.4,18.87,13.33,1.33,0.7,1.015,17,63.64,33.33,36.36,66.67,66,34,4,10,2,0.4
9/13/20,San Jose,LA Galaxy,14.44,13.7,4.78,4.8,35.29,21.05,1.69,1.2,1.445,38,42.11,23.08,57.89,76.92,41,59,2,7,0,0.286
9/13/20,LA Galaxy,San Jose,11.33,15.5,4.67,6.3,42.11,23.08,1.81,1.8,1.805,41,35.29,21.05,64.71,78.95,38,62,2,11,0,0.182
9/16/20,Dallas,Colorado,11,11.7,4,4.7,50,33.33,1.74,1.8,1.77,38,27.03,21.05,72.97,78.95,40,60,7,15,4,0.467
9/16/20,Colorado,Dallas,14,16.5,5.1,4.11,27.03,21.05,1.33,1.4,1.365,40,50,33.33,50,66.67,38,62,5,22,1,0.227
9/16/20,San Jose,Portland,13.8,15.3,4.4,4.5,41.67,25,1.74,1.8,1.77,45,37.04,23.08,62.96,76.92,34,66,6,19,1,0.316
9/16/20,Portland,San Jose,11,14.9,4.2,5.9,37.04,23.08,1.7,1.4,1.55,34,41.67,25,58.33,75,45,55,3,6,1,0.5
9/16/20,Vancouver,Montreal,8.1,13.7,2.6,4.8,33.93,26.32,1.42,2.6,2.01,33,37.14,35.71,62.86,64.29,42,58,5,1,3,5
9/16/20,Montreal,Vancouver,9.1,16.1,3.2,5.7,37.14,35.71,1.63,0.4,1.015,42,33.93,26.32,66.07,73.68,33,67,4,14,1,0.286
9/18/20,Seattle,LAFC,12.1,11.5,4.1,4.36,37.66,26.32,1.83,2.2,2.015,41,38.1,22.22,61.9,77.78,37,63,7,11,3,0.636
9/18/20,LAFC,Seattle,17.18,10,7.09,4.4,38.1,22.22,1.78,1,1.39,37,37.66,26.32,62.34,73.68,41,59,2,11,0,0.182
9/19/20,Sporting KC,Dallas,14.55,17.1,4.36,4.2,61.11,40,2.01,2,2.005,51,19.05,18.18,80.95,81.82,26,74,4,20,2,0.2
9/19/20,Dallas,Sporting KC,11.4,9,4.3,3.55,19.05,18.18,1.14,0.8,0.97,26,61.11,40,38.89,60,51,49,9,13,3,0.692
9/19/20,New England,NYCFC,13.64,11.9,3.73,4.55,37.78,27.78,1.62,1.8,1.71,40,36.84,26.32,63.16,73.68,34,66,6,14,0,0.429
9/19/20,NYCFC,New England,14.09,12.6,4.27,4.55,36.84,26.32,1.54,1.2,1.37,34,37.78,27.78,62.22,72.22,40,60,4,8,0,0.5
9/19/20,Atlanta,Miami,9.27,11,3.73,3.55,37.04,29.41,1.46,1.7,1.58,43,37.25,29.41,62.75,70.59,29,71,3,7,1,0.429
9/19/20,Miami,Atlanta,11.73,11.9,3.73,3.55,37.25,29.41,1.46,1.1,1.28,29,37.04,29.41,62.96,70.59,43,57,5,15,2,0.333
9/19/20,NY Red Bulls,Cincinnati,10.45,12.4,3.82,4.18,62.5,43.48,1.93,2.2,2.065,64,17.24,18.18,82.76,81.82,14,86,1,10,0,0.1
9/19/20,Cincinnati,NY Red Bulls,8.91,10.8,2.73,3.64,17.24,18.18,1.09,0.8,0.945,14,62.5,43.48,37.5,56.52,64,36,4,14,1,0.286
9/19/20,Columbus,Nashville,11.27,10.3,4.36,3.9,58.82,65.22,1.8,2.7,2.25,61,17.86,27.42,82.14,72.58,14,86,2,7,2,0.286
9/19/20,Nashville,Columbus,12.5,10.8,4.2,3,17.86,27.42,1.07,0.4,0.735,14,58.82,65.22,41.18,34.78,61,39,2,14,0,0.143
9/19/20,DC United,Toronto,8,7.4,2.91,2.91,23.08,22.22,1.19,1,1.095,31,50.63,37.04,49.37,62.96,44,56,5,13,2,0.385
9/19/20,Toronto,DC United,14.91,15.5,6.45,4.82,50.63,37.04,1.81,1.8,1.805,44,23.08,22.22,76.92,77.78,31,69,5,16,2,0.313
9/19/20,Orlando,Chicago,11.27,13,4.27,3.45,52.63,35.71,1.83,2.4,2.115,48,23.53,20,76.47,80,28,72,7,18,4,0.389
9/19/20,Chicago,Orlando,13.73,10.5,4.36,4.09,23.53,20,1.24,0.6,0.92,28,52.63,35.71,47.37,64.29,48,52,1,17,1,0.059
9/19/20,Houston,Minnesota,14,14.8,4.73,4.45,45.83,30.3,1.81,2,1.905,47,28.95,21.05,71.05,78.95,29,71,9,16,2,0.563
9/19/20,Minnesota,Houston,12.55,14.3,4.45,4.55,28.95,21.05,1.49,1,1.245,29,45.83,30.3,54.17,69.7,47,53,6,16,2,0.375
9/19/20,Real Salt Lake,Vancouver,12.73,15.9,4.09,5.55,61.54,41.67,2.04,2.2,2.12,66,16.67,16.67,83.33,83.33,13,87,4,25,1,0.16
9/19/20,Vancouver,Real Salt Lake,8.64,11.9,2.82,4.09,16.67,16.67,1.09,0.9,0.995,13,61.54,41.67,38.46,58.33,66,34,3,8,2,0.375
9/19/20,LA Galaxy,Colorado,11.3,12.1,4.4,4.91,51.11,30.3,1.86,2.4,2.13,54,26.32,19.05,73.68,80.95,25,75,4,12,0,0.333
9/19/20,Colorado,LA Galaxy,14.73,12.7,5.18,4.5,26.32,19.05,1.43,0.7,1.065,25,51.11,30.3,48.89,69.7,54,46,4,18,2,0.222
9/19/20,San Jose,Portland,14.27,15.8,4.55,4.64,41.67,26.32,1.74,1.9,1.82,46,26.32,19.05,73.68,80.95,33,67,4,11,1,0.364
9/19/20,Portland,San Jose,10.55,13.8,4.09,5.64,37.04,23.08,1.63,1.3,1.465,33,41.67,26.32,58.33,73.68,46,54,8,17,6,0.471
9/20/20,Montreal,Philadelphia,9.36,11.6,3.18,4.36,29.41,22.22,1.43,0.8,1.115,34,52.94,30.3,47.06,69.7,41,59,3,10,1,0.3
9/20/20,Philadelphia,Montreal,11.91,13.6,4.36,4.73,52.94,30.3,1.74,2,1.87,41,29.41,22.22,70.59,77.78,34,66,11,20,4,0.55
9/23/20,New England,Montreal,13.67,14.3,3.92,5.25,57.14,41.67,1.86,2.2,2.03,57,21.74,20,78.26,80,20,80,7,20,3,0.35
9/23/20,Montreal,New England,9.33,12.1,3.17,4.5,21.74,20,1.16,0.7,0.93,20,57.14,41.67,42.86,58.33,57,43,4,7,1,0.571
9/23/20,Atlanta,Dallas,9.08,17.4,3.67,4.27,42.11,33.33,1.54,1.9,1.72,48,32.26,26.67,67.74,73.33,27,73,5,12,1,0.417
9/23/20,Dallas,Atlanta,11.45,12.1,4.73,3.67,32.26,26.67,1.33,0.9,1.115,27,42.11,33.33,57.89,66.67,48,52,1,6,0,0.167
9/23/20,NYCFC,Toronto,13.58,8.1,4.25,3.08,40,26.67,1.62,1.8,1.71,48,34.88,25,65.12,75,27,73,8,16,0,0.5
9/23/20,Toronto,NYCFC,15,12.1,6.33,4.67,34.88,25,1.54,1,1.27,27,40,26.67,60,73.33,48,52,3,9,1,0.333
9/23/20,Chicago,Houston,14,14.4,4.08,4.67,47.62,28.57,1.81,2,1.905,51,29.41,18.18,70.59,81.82,27,73,9,16,4,0.563
9/23/20,Houston,Chicago,14.17,13.7,5.08,3.75,29.41,18.18,1.46,1,1.23,27,47.62,28.57,52.38,71.43,51,49,1,7,0,0.143
9/23/20,Columbus,Minnesota,10.92,15,4.17,4.83,55.56,36.36,1.86,2.3,2.08,54,21.05,18.18,78.95,81.82,21,79,5,15,2,0.333
9/23/20,Minnesota,Columbus,12.83,11.2,4.58,2.92,21.05,18.18,1.24,0.7,0.97,21,55.56,36.36,44.44,63.64,54,46,2,8,1,0.25
9/23/20,Cincinnati,Philadelphia,9.33,11.4,2.83,4.25,30.3,25,1.36,0.9,1.13,26,44,30.77,56,69.23,49,51,1,7,0,0.143
9/23/20,Philadelphia,Cincinnati,12.58,12.1,4.92,3.92,44,30.77,1.62,1.9,1.76,49,30.3,25,69.7,75,26,74,0,6,0,0
9/23/20,Sporting KC,Orlando,15,11.4,4.33,3.83,52.38,29.41,1.86,2.2,2.03,50,25.64,18.18,74.36,81.82,27,73,2,16,1,0.125
9/23/20,Orlando,Sporting KC,11.83,9.4,4.5,4,25.64,18.18,1.43,0.9,1.165,27,52.38,29.41,47.62,70.59,50,50,3,8,2,0.375
9/23/20,Miami,NY Red Bulls,12,11.1,3.83,3.67,50,36.36,1.74,1.9,1.82,57,25.93,22.22,74.07,77.78,19,81,4,14,1,0.286
9/23/20,NY Red Bulls,Miami,10.42,10.7,3.58,3.5,25.93,22.22,1.24,1,1.12,19,50,36.36,50,63.64,57,43,5,10,4,0.5
9/23/20,Nashville,DC United,12.64,15.7,4,4.83,55.56,40,1.74,2,1.87,51,22.22,22.22,77.78,77.78,22,78,5,16,1,0.313
9/23/20,DC United,Nashville,3.08,10.1,3.08,3.73,22.22,22.22,1.09,0.8,0.945,22,55.56,40,44.44,60,51,49,1,4,0,0.25
9/23/20,Colorado,San Jose,15,14.2,5.08,5.83,55.56,33.33,2.01,2.3,2.155,58,22.22,23.08,77.78,76.92,22,78,8,16,5,0.5
9/23/20,San Jose,Colorado,13.92,12,4.5,4.83,22.22,23.08,1.33,0.7,1.015,22,55.56,33.33,44.44,66.67,58,42,4,10,0,0.4
9/23/20,Real Salt Lake,LA Galaxy,13.75,13.1,4.08,4.45,44,25,1.74,1.8,1.77,41,34.38,20,65.63,80,35,65,6,13,2,0.462
9/23/20,LA Galaxy,Real Salt Lake,11.36,11.4,4.36,4,34.38,20,1.6,1.2,1.4,35,44,25,56,75,41,59,1,7,0,0.143
9/23/20,Portland,Seattle,11.08,10.1,4.42,4.18,36.17,23.08,1.62,1.9,1.76,39,40.74,25,59.26,75,39,61,2,9,1,0.222
9/23/20,Seattle,Portland,11.82,15.2,4.18,4.58,40.74,25,1.64,1.2,1.42,39,36.17,23.08,63.83,76.92,39,61,6,19,0,0.316
9/23/20,LAFC,Vancouver,16.67,16.9,6.67,5.42,80.95,44.44,2.52,3.8,3.16,81,9.09,6.67,90.91,93.33,6,94,11,19,6,0.579
9/23/20,Vancouver,LAFC,8.5,11.4,2.75,4.42,9.09,6.67,1.05,0,0.525,6,80.95,44.44,19.05,55.56,81,19,0,7,0,0
9/26/20,Nashville,Houston,12.92,14.6,4.08,4.77,69.33,34.91,1.54,1.8,1.67,44,27.43,25.6,56,74.4,29,71,2,8,1,0.25
9/26/20,Houston,Nashville,13.62,9.5,4.77,3.5,27.43,25.6,1.19,1,1.1,29,69.33,34.91,71,65.09,44,56,7,17,1,0.412
9/26/20,NYCFC,Cincinnati,13.77,11.5,4.54,3.62,65.03,45.71,2.01,2.7,2.36,67,13.33,14.77,33,85.23,11,89,8,22,4,0.364
9/26/20,Cincinnati,NYCFC,9.15,11.8,2.69,4.46,13.33,14.77,0.96,0.3,0.63,11,65.03,45.71,89,54.29,67,33,4,8,0,0.5
9/27/20,DC United,New England,8.08,11.6,2.92,4.46,28.8,24,1.36,1,1.18,37,42.67,29.54,63,70.46,36,64,3,8,0,0.375
9/27/20,New England,DC United,14.08,15.7,4.15,4.85,42.67,29.54,1.63,1.7,1.66,36,28.8,24,64,76,37,63,3,16,2,0.188
9/27/20,NY Red Bulls,Montreal,10.38,14.9,3.69,5.38,57.6,38.4,1.94,2.5,2.22,58,17.45,16,42,84,20,80,5,14,4,0.357
9/27/20,Montreal,NY Red Bulls,9.15,11.4,3.23,3.69,17.45,16,1.14,0.5,0.82,20,57.6,38.4,80,61.6,58,42,4,7,1,0.571
9/27/20,Chicago,Atlanta,14.15,11.5,4.54,3.46,53.33,34.91,1.93,2.3,2.11,51,21.33,16,49,84,25,75,6,15,2,0.4
9/27/20,Atlanta,Chicago,9.31,13,3.77,3.54,21.33,16,1.24,0.6,0.92,25,53.33,34.91,75,65.09,51,49,5,10,0,0.5
9/27/20,Philadelphia,Miami,12,10.6,4.54,3.54,41.45,27.43,1.7,2.2,1.95,51,30.97,22.15,49,77.85,24,76,5,7,3,0.714
9/27/20,Miami,Philadelphia,12.15,11,3.85,4,30.97,22.15,1.43,0.7,1.07,24,41.45,27.43,76,72.57,51,49,3,12,0,0.25
9/27/20,Toronto,Columbus,14.31,10.9,6,2.85,41.45,29.54,1.62,1.9,1.76,49,30,24,51,76,25,75,6,10,3,0.6
9/27/20,Columbus,Toronto,11.23,8.9,4.23,3.46,30,24,1.36,0.8,1.08,25,41.45,29.54,75,70.46,49,51,2,10,1,0.2
9/27/20,Minnesota,Real Salt Lake,12.46,11,4.38,3.85,50.29,29.54,1.86,2.4,2.13,50,25.26,16,50,84,25,75,7,14,0,0.5
9/27/20,Real Salt Lake,Minnesota,13.69,15,4.23,4.85,25.26,16,1.33,0.6,0.96,25,50.29,29.54,75,70.46,50,50,4,12,0,0.333
9/27/20,Dallas,Orlando,11,11.9,4.42,3.69,40.94,25.6,1.7,1.8,1.75,47,33.1,22.15,53,77.85,29,71,4,14,0,0.286
9/27/20,Orlando,Dallas,11.54,16.9,4.38,4.25,33.1,22.15,1.49,1,1.24,29,40.94,25.6,71,74.4,47,53,3,17,0,0.176
9/27/20,Vancouver,Portland,8.38,15.6,2.54,4.69,17.45,13.71,1.19,0.8,1,29,57.6,34.91,71,65.09,49,51,3,8,0,0.375
9/27/20,Portland,Vancouver,10.92,17.1,4.23,6,57.6,34.91,2.04,2.3,2.17,49,17.45,13.71,51,86.29,29,71,7,12,1,0.583
9/27/20,LA Galaxy,Seattle,11.08,10,4.17,4,37.33,22.15,1.7,1.8,1.75,42,35.08,21.33,58,78.67,35,65,5,9,1,0.556
9/27/20,Seattle,LA Galaxy,12.5,13.1,4.42,4.5,35.08,21.33,1.63,1,1.31,35,37.33,22.15,65,77.85,42,58,7,12,3,0.583
9/27/20,LAFC,San Jose,16.85,14.4,7,6.08,76,36.57,2.57,3.3,2.94,75,9.14,5.65,25,94.35,11,89,3,13,1,0.231
9/27/20,San Jose,LAFC,13.62,11,4.46,4.15,9.14,5.65,1.16,0.4,0.78,11,76,36.57,89,63.43,75,25,8,13,2,0.615
10/3/20,Orlando,NY Red Bulls,,,,,54.05,36.36,1.83,2.2,2.02,50,24.39,18.18,75.61,81.82,27,73,5,8,3,0.625
10/3/20,NY Red Bulls,Orlando,,,,,24.39,18.18,1.24,0.8,1.02,27,54.05,36.36,45.95,63.64,50,50,3,11,1,0.273
10/3/20,DC United,Atlanta,,,,,37.04,29.41,1.42,1.6,1.51,34,37.04,29.41,62.96,70.59,38,62,0,8,0,0
10/3/20,Atlanta,DC United,,,,,37.04,29.41,1.42,1.2,1.31,38,37.04,29.41,62.96,70.59,34,66,4,12,4,0.333
10/3/20,Toronto,Philadelphia,,,,,51.28,33.33,1.78,2,1.89,48,25.64,20,74.36,80,28,72,3,13,2,0.231
10/3/20,Philadelphia,Toronto,,,,,25.64,20,1.33,1,1.16,28,51.28,33.33,48.72,66.67,48,52,5,9,1,0.556
10/3/20,Montreal,Chicago,,,,,30.3,20,1.46,1,1.23,33,47.62,28.57,52.38,71.43,44,56,8,12,2,0.667
10/3/20,Chicago,Montreal,,,,,47.62,28.57,1.79,2.1,1.95,44,30.3,20,69.7,80,33,67,3,10,2,0.3
10/3/20,New England,Nashville,,,,,50,40,1.59,2,1.79,54,25,26.67,75,73.33,20,80,5,16,0,0.313
10/3/20,Nashville,New England,,,,,25,26.67,1.09,0.7,0.9,20,50,40,50,60,54,46,1,3,0,0.333
10/3/20,Minnesota,Cincinnati,,,,,41.18,38.1,1.93,2,1.96,64,19.05,16.67,80.95,83.33,14,86,4,14,2,0.286
10/3/20,Cincinnati,Minnesota,,,,,19.05,16.67,1.16,0.9,1.03,14,41.18,38.1,58.82,61.9,64,36,3,16,0,0.188
10/3/20,Houston,Sporting KC,,,,,37.04,23.08,1.63,1.7,1.66,44,40,25,60,75,32,68,5,13,1,0.385
10/3/20,Sporting KC,Houston,,,,,40,25,1.7,1.4,1.55,32,37.04,23.08,62.96,76.92,44,56,6,11,2,0.545
10/3/20,Miami,NYCFC,,,,,45.45,33.33,1.54,1.9,1.72,45,30.3,26.67,69.7,73.33,28,72,4,13,2,0.308
10/3/20,NYCFC,Miami,,,,,30.3,26.67,1.33,0.9,1.11,28,45.45,33.33,54.55,66.67,45,55,5,10,3,0.5
10/3/20,Dallas,Columbus,,,,,36.36,26.67,1.46,1.5,1.48,40,39.29,28.57,60.71,71.43,32,68,2,12,2,0.167
10/3/20,Columbus,Dallas,,,,,39.29,28.57,1.54,1.3,1.42,32,36.36,26.67,63.64,73.33,40,60,5,12,2,0.417
10/3/20,Seattle,Vancouver,,,,,84.62,55.56,2.49,4,3.25,80,6.25,7.69,93.75,92.31,6,94,9,22,3,0.409
10/3/20,Vancouver,Seattle,,,,,6.25,7.69,0.78,0,0.39,6,84.62,55.56,15.38,44.44,80,20,1,2,1,0.5
10/3/20,San Jose,LA Galaxy,,,,,32.26,18.18,1.6,1.3,1.45,37,45.45,25,54.55,75,41,59,4,11,2,0.364
10/3/20,LA Galaxy,San Jose,,,,,45.45,25,1.83,1.9,1.87,41,32.26,18.18,67.74,81.82,37,63,1,9,1,0.111
10/4/20,Real Salt Lake,LAFC,,,,,31.11,18.18,1.62,1.2,1.41,35,47.22,25,52.78,75,41,59,1,8,1,0.125
10/4/20,LAFC,Real Salt Lake,,,,,47.22,25,1.86,2,1.93,41,31.11,18.18,68.89,81.82,35,65,4,8,3,0.5
10/6/20,Nashville,Minnesota,,,,,42.55,30.77,1.62,1.9,1.76,41,31.25,25,68.75,75,32,68,3,10,0,0.3
10/6/20,Minnesota,Nashville,,,,,31.25,25,1.36,0.8,1.08,32,42.55,30.77,57.45,69.23,41,59,5,13,0,0.385
10/7/20,NY Red Bulls,Miami,,,,,45.45,28.57,1.64,1.6,1.62,42,34.78,23.08,65.22,76.92,33,67,4,13,1,0.308
10/7/20,Miami,NY Red Bulls,,,,,34.78,23.08,1.46,1.4,1.43,33,45.45,28.57,54.55,71.43,42,58,4,9,2,0.444
10/7/20,Atlanta,Orlando,,,,,35.71,25,1.49,1.4,1.44,48,40,26.67,60,73.33,27,73,3,9,0,0.333
10/7/20,Orlando,Atlanta,,,,,40,26.67,1.62,1.6,1.61,27,35.71,25,64.29,75,48,52,6,13,0,0.462
10/7/20,Columbus,Montreal,,,,,63.64,40,2.05,2,2.03,64,16.67,14.29,83.33,85.71,14,86,5,17,1,0.294
10/7/20,Montreal,Columbus,,,,,16.67,14.29,1.11,0.8,0.96,14,63.64,40,36.36,60,64,36,1,7,2,0.143
10/7/20,New England,Toronto,,,,,40.82,26.67,1.6,1.1,1.35,39,35.71,25,64.29,75,35,65,6,12,0,0.5
10/7/20,Toronto,New England,,,,,35.71,25,1.54,1.8,1.67,35,40.82,26.67,59.18,73.33,39,61,3,6,1,0.5
10/7/20,Philadelphia,Cincinnati,,,,,58.82,38.1,1.86,2.2,2.03,69,21.05,18.18,78.95,81.82,10,90,6,16,3,0.375
10/7/20,Cincinnati,Philadelphia,,,,,21.05,18.18,1.14,0.8,0.97,10,58.82,38.1,41.18,61.9,69,31,3,11,0,0.273
10/7/20,Houston,Dallas,,,,,45.45,26.67,1.74,0.9,1.32,45,32.26,20,67.74,80,31,69,6,10,2,0.6
10/7/20,Dallas,Houston,,,,,32.26,20,1.54,2.1,1.82,31,45.45,26.67,54.55,73.33,45,55,9,28,0,0.321
10/7/20,NYCFC,DC United,,,,,61.54,40,1.93,2.5,2.21,71,20,16.67,80,83.33,10,90,9,29,4,0.31
10/7/20,DC United,NYCFC,,,,,20,16.67,1.12,0.4,0.76,10,61.54,40,38.46,60,71,29,2,8,1,0.25
10/7/20,Sporting KC,Chicago,,,,,57.14,33.33,1.93,1.5,1.71,46,23.81,16.67,76.19,83.33,31,69,2,12,1,0.167
10/7/20,Chicago,Sporting KC,,,,,23.81,16.67,1.28,1.5,1.39,31,57.14,33.33,42.86,66.67,46,54,1,10,0,0.1
10/7/20,Seattle,Real Salt Lake,,,,,58.82,38.46,2.16,2.2,2.18,61,20,17.24,80,82.76,17,83,4,7,2,0.571
10/7/20,Real Salt Lake,Seattle,,,,,20,17.24,1.27,0.9,1.09,17,58.82,38.46,41.18,61.54,61,39,0,7,1,0
10/7/20,LA Galaxy,Portland,,,,,47.62,26.67,1.83,1.1,1.47,53,30.3,18.18,69.7,81.82,26,74,4,17,3,0.235
10/7/20,Portland,LA Galaxy,,,,,30.3,18.18,1.44,2.2,1.82,26,47.62,26.67,52.38,73.33,53,47,7,10,6,0.7
10/7/20,San Jose,Vancouver,,,,,65.22,38.1,2.43,2.1,2.26,63,16.67,13.33,83.33,86.67,17,83,8,17,3,0.471
10/7/20,Vancouver,San Jose,,,,,16.67,13.33,1.32,1.3,1.31,17,65.22,38.1,34.78,61.9,63,37,5,7,0,0.714
10/10/20,Miami,Houston,,,,,68.42,38.1,1.93,2.2,2.06,57,20,16.67,80,83.33,21,79,3,13,1,0.231
10/10/20,Houston,Miami,,,,,20,16.67,1.18,0.8,0.99,21,68.42,38.1,31.58,61.9,57,43,2,10,0,0.2
10/10/20,Atlanta,NY Red Bulls,,,,,36.36,28.57,1.49,1.8,1.64,50,37.04,26.67,62.96,73.33,25,75,1,8,0,0.125
10/10/20,NY Red Bulls,Atlanta,,,,,37.04,26.67,1.46,1.1,1.28,25,36.36,28.57,63.64,71.43,50,50,2,6,1,0.333
10/10/20,Vancouver,Real Salt Lake,,,,,25.64,18.18,1.36,1.1,1.23,29,52.38,30.77,47.62,69.23,45,55,4,8,2,0.5
10/10/20,Real Salt Lake,Vancouver,,,,,52.38,30.77,1.83,2.1,1.97,45,25.64,18.18,74.36,81.82,29,71,3,8,1,0.375
10/11/20,NYCFC,New England,,,,,52.38,36.36,1.74,2.3,2.02,54,23.81,20,76.19,80,22,78,8,16,1,0.5
10/11/20,New England,NYCFC,,,,,23.81,20,1.19,0.5,0.85,22,52.38,36.36,47.62,63.64,54,46,4,11,2,0.364
10/11/20,LAFC,Seattle,,,,,49.15,25,2.01,2.2,2.11,50,28.57,15.38,71.43,84.62,28,72,5,11,3,0.455
10/11/20,Seattle,LAFC,,,,,28.57,15.38,1.55,1.1,1.33,28,49.15,25,50.85,75,50,50,4,19,1,0.211
10/11/20,Chicago,DC United,,,,,63.16,40,2.05,2.6,2.33,70,16.67,14.29,83.33,85.71,11,89,4,9,2,0.444
10/11/20,DC United,Chicago,,,,,16.67,14.29,1.14,0.5,0.82,11,63.16,40,36.84,60,70,30,6,14,1,0.429
10/11/20,Sporting KC,Nashville,,,,,60.71,40,1.86,2.4,2.13,55,18.18,16.67,81.82,83.33,19,81,6,15,2,0.4
10/11/20,Nashville,Sporting KC,,,,,18.18,16.67,1.09,0.6,0.85,19,60.71,40,39.29,60,55,45,4,9,1,0.444
10/11/20,Philadelphia,Montreal,,,,,65.22,40,2.15,3.1,2.62,66,16.39,12.5,83.61,87.5,14,86,6,9,2,0.667
10/11/20,Montreal,Philadelphia,,,,,16.39,12.5,1.11,0.2,0.66,14,65.22,40,34.78,60,66,34,4,11,1,0.364
10/11/20,Cincinnati,Toronto,,,,,25,20,1.24,0.9,1.07,23,53.33,36.36,46.67,63.64,53,47,1,7,0,0.143
10/11/20,Toronto,Cincinnati,,,,,53.33,36.36,1.79,2,1.9,53,25,20,75,80,23,77,2,9,1,0.222
10/11/20,Portland,San Jose,,,,,61.11,33.33,2.09,2.8,2.45,54,18.52,12.5,81.48,87.5,25,75,8,16,3,0.5
10/11/20,San Jose,Portland,,,,,18.52,12.5,1.33,0.6,0.96,25,61.11,33.33,38.89,66.67,54,46,7,11,0,0.636
10/14/20,Montreal,New England,,,,,26.67,18.18,1.36,1.2,1.28,36,52.38,30.77,47.62,69.23,39,61,6,14,2,0.429
10/14/20,New England,Montreal,,,,,52.38,30.77,1.86,1.8,1.83,39,26.67,18.18,73.33,81.82,36,64,9,22,3,0.409
10/14/20,Cincinnati,Columbus,,,,,25.33,23.08,1.19,1.1,1.15,28,48.78,36.36,51.22,63.64,44,56,3,11,2,0.273
10/14/20,Columbus,Cincinnati,,,,,48.78,36.36,1.63,1.7,1.66,44,25.33,23.08,74.67,76.92,28,72,2,9,1,0.222
10/14/20,Orlando,NYCFC,,,,,39.29,25,1.62,1.8,1.71,42,37.04,25,62.96,75,33,67,2,9,1,0.222
10/14/20,NYCFC,Orlando,,,,,37.04,25,1.62,1.2,1.41,33,39.29,25,60.71,75,42,58,8,18,1,0.444
10/14/20,Toronto,NY Red Bulls,,,,,53.85,36.36,1.8,2.2,2,60,23.81,18.18,76.19,81.82,18,82,6,15,1,0.4
10/14/20,NY Red Bulls,Toronto,,,,,23.81,18.18,1.24,0.7,0.97,18,53.85,36.36,46.15,63.64,60,40,4,10,1,0.4
10/14/20,DC United,Philadelphia,,,,,24.39,22.22,1.19,0.8,1,23,52.38,36.36,47.62,63.64,52,48,4,14,2,0.286
10/14/20,Philadelphia,DC United,,,,,52.38,36.36,1.74,2.1,1.92,52,24.39,22.22,75.61,77.78,23,77,7,12,2,0.583
10/14/20,Houston,Nashville,,,,,48,38.1,1.6,2,1.8,51,25.4,25,74.6,75,23,77,6,19,1,0.316
10/14/20,Nashville,Houston,,,,,25.4,25,1.12,0.8,0.96,23,48,38.1,52,61.9,51,49,7,16,3,0.438
10/14/20,Miami,Atlanta,,,,,60.24,40,1.93,2.2,2.06,53,19.05,16.67,80.95,83.33,22,78,6,21,1,0.286
10/14/20,Atlanta,Miami,,,,,19.05,16.67,1.3,0.6,0.95,22,60.24,40,39.76,60,53,47,1,3,1,0.333
10/14/20,Dallas,Sporting KC,,,,,42.11,26.67,1.7,2,1.85,47,34.48,23.08,65.52,76.92,30,70,7,16,1,0.438
10/14/20,Sporting KC,Dallas,,,,,34.48,23.08,1.54,1,1.27,30,42.11,26.67,57.89,73.33,47,53,3,15,0,0.2
10/14/20,Real Salt Lake,Portland,,,,,42.55,26.67,1.7,1.6,1.65,42,33.93,23.08,66.07,76.92,33,67,4,13,2,0.308
10/14/20,Portland,Real Salt Lake,,,,,33.93,23.08,1.49,1.4,1.44,33,42.55,26.67,57.45,73.33,42,58,4,10,1,0.4
10/14/20,Vancouver,LAFC,,,,,13.33,9.09,1.21,0.8,1.01,18,69.23,36.36,30.77,63.64,64,36,4,13,2,0.308
10/14/20,LAFC,Vancouver,,,,,69.23,36.36,2.32,2.8,2.56,64,13.33,9.09,86.67,90.91,18,82,1,12,1,0.083
10/14/20,LA Galaxy,San Jose,,,,,56,29.41,2.05,2.2,2.13,56,23.81,14.29,76.19,85.71,24,76,3,8,0,0.375
10/14/20,San Jose,LA Galaxy,,,,,23.81,14.29,1.43,1.2,1.32,24,56,29.41,44,70.59,56,44,10,19,4,0.526
10/17/20,Chicago,Sporting KC,,,,,41.67,25,1.7,2,1.85,50,34.88,22.22,65.12,77.78,27,73,4,8,2,0.5
10/17/20,Sporting KC,Chicago,,,,,34.88,22.22,1.6,1.1,1.35,27,41.67,25,58.33,75,50,50,5,9,2,0.556
10/17/20,Montreal,Miami,,,,,23.08,16.67,1.33,0.8,1.06,32,56.52,33.33,43.48,66.67,44,56,8,16,2,0.5
10/17/20,Miami,Montreal,,,,,56.52,33.33,1.86,2.2,2.03,44,23.08,16.67,76.92,83.33,32,68,5,13,1,0.385
10/18/20,Columbus,NYCFC,,,,,40.63,26.67,1.6,1.8,1.7,40,34.48,25,65.52,75,34,66,8,10,3,0.8
10/18/20,NYCFC,Columbus,,,,,34.48,25,1.54,1.1,1.32,34,40.63,26.67,59.38,73.33,40,60,6,17,1,0.353
10/18/20,NY Red Bulls,Orlando,,,,,48.78,30.77,1.74,1.9,1.82,46,28.85,22.22,71.15,77.78,29,71,4,14,1,0.286
10/18/20,Orlando,NY Red Bulls,,,,,28.85,22.22,1.36,1,1.18,29,48.78,30.77,51.22,69.23,46,54,2,8,1,0.25
10/18/20,Cincinnati,DC United,,,,,45.45,33.33,1.54,2,1.77,47,28.57,26.67,71.43,73.33,25,75,6,11,1,0.545
10/18/20,DC United,Cincinnati,,,,,28.57,26.67,1.24,0.8,1.02,25,45.45,33.33,54.55,66.67,47,53,4,13,2,0.308
10/18/20,Toronto,Atlanta,,,,,61.9,38.1,1.93,2.6,2.26,56,19.23,16.67,80.77,83.33,20,80,6,11,1,0.545
10/18/20,Atlanta,Toronto,,,,,19.23,16.67,1.18,0.5,0.84,20,61.9,38.1,38.1,61.9,56,44,1,6,0,0.167
10/18/20,Minnesota,Houston,,,,,50.63,29.41,1.83,2.2,2.02,53,27.03,18.18,72.97,81.82,25,75,3,4,2,0.75
10/18/20,Houston,Minnesota,,,,,27.03,18.18,1.43,0.8,1.12,25,50.63,29.41,49.37,70.59,53,47,8,16,2,0.5
10/18/20,Portland,LAFC,,,,,41.67,20,1.82,1.8,1.81,38,34.78,20,65.22,80,41,59,6,16,1,0.375
10/18/20,LAFC,Portland,,,,,34.78,20,1.74,1.4,1.57,41,41.67,20,58.33,80,38,62,5,9,1,0.556
10/18/20,LA Galaxy,Vancouver,,,,,64.29,36.36,2.16,2.9,2.53,64,17.39,12.5,82.61,87.5,17,83,5,19,1,0.263
10/18/20,Vancouver,LA Galaxy,,,,,17.39,12.5,1.24,0.5,0.87,17,64.29,36.36,35.71,63.64,64,36,4,7,0,0.571
10/18/20,San Jose,Seattle,,,,,30.77,20,1.54,1.2,1.37,34,45.45,26.67,54.55,73.33,43,57,1,11,0,0.091
10/18/20,Seattle,San Jose,,,,,45.45,26.67,1.74,1.8,1.77,43,30.77,20,69.23,80,34,66,1,4,0,0.25
10/19/20,New England,Philadelphia,,,,,46.73,28.57,1.69,1.6,1.64,43,31.71,22.22,68.29,77.78,32,68,8,22,1,0.364
10/19/20,Philadelphia,New England,,,,,31.71,22.22,1.46,1.4,1.43,32,46.73,28.57,53.27,71.43,43,57,3,7,2,0.429
10/20/20,Nashville,Dallas,,,,,38.1,29.41,1.46,1.7,1.58,41,36.67,28.57,63.33,71.43,32,68,6,11,3,0.545
10/20/20,Dallas,Nashville,,,,,36.67,28.57,1.42,1,1.21,32,38.1,29.41,61.9,70.59,41,59,2,12,0,0.167
10/22/20,Seattle,Portland,,,,,57.89,30.77,2,1.6,1.8,58,22.22,15.38,77.78,84.62,21,79,1,15,1,0.067
10/22/20,Portland,Seattle,,,,,22.22,15.38,1.33,1.5,1.41,21,57.89,30.77,42.11,69.23,58,42,4,8,1,0.5
10/23/20,Nashville,New England,,,,,38.1,29.41,1.42,1.8,1.61,38,38.46,29.41,61.54,70.59,34,66,4,9,1,0.444
10/23/20,New England,Nashville,,,,,38.46,29.41,1.42,1,1.21,34,38.1,29.41,61.9,70.59,38,62,2,9,1,0.222
10/24/20,Miami,Orlando,,,,,45.16,29.41,1.69,1.8,1.74,50,30.77,23.08,69.23,76.92,25,75,4,19,2,0.211
10/24/20,Orlando,Miami,,,,,30.77,23.08,1.42,1,1.21,25,45.16,29.41,54.84,70.59,50,50,2,8,1,0.25
10/24/20,Atlanta,DC United,,,,,57.89,40,1.78,2.2,1.99,64,20.83,20,79.17,80,13,87,6,10,1,0.6
10/24/20,DC United,Atlanta,,,,,20.83,20,1.05,0.8,0.93,13,57.89,40,42.11,60,64,36,3,9,2,0.333
10/24/20,Chicago,NY Red Bulls,,,,,43.48,28.57,1.63,1.8,1.71,52,32.26,23.08,67.74,76.92,25,75,6,17,2,0.353
10/24/20,NY Red Bulls,Chicago,,,,,32.26,23.08,1.42,1,1.21,25,43.48,28.57,56.52,71.43,52,48,3,9,2,0.333
10/24/20,Cincinnati,Minnesota,,,,,34.88,25,1.46,1.3,1.38,31,40.54,28.57,59.46,71.43,42,58,2,12,0,0.167
10/24/20,Minnesota,Cincinnati,,,,,40.54,28.57,1.6,1.5,1.55,42,34.88,25,65.12,75,31,69,4,18,1,0.222
10/24/20,NYCFC,Montreal,,,,,70.83,40,2.23,3.2,2.71,66,13.16,10,86.84,90,15,85,11,14,3,0.786
10/24/20,Montreal,NYCFC,,,,,13.16,10,1.11,0.2,0.66,15,70.83,40,29.17,60,66,34,6,11,1,0.545
10/24/20,Philadelphia,Toronto,,,,,36.36,25,1.54,1.9,1.72,45,38.1,26.67,61.9,73.33,30,70,12,25,5,0.48
10/24/20,Toronto,Philadelphia,,,,,38.1,26.67,1.62,1.1,1.36,30,36.36,25,63.64,75,45,55,1,3,0,0.333
10/24/20,Houston,Columbus,,,,,40,25,1.6,1.8,1.7,41,36,25,64,75,34,66,6,23,1,0.261
10/24/20,Columbus,Houston,,,,,36,25,1.6,1.1,1.35,34,40,25,60,75,41,59,1,8,1,0.125
10/24/20,Real Salt Lake,Dallas,,,,,44.44,29.41,1.7,1.6,1.65,45,28.38,23.08,71.62,76.92,29,71,3,24,0,0.125
10/24/20,Dallas,Real Salt Lake,,,,,28.38,23.08,1.39,1.2,1.3,29,44.44,29.41,55.56,70.59,45,55,2,8,0,0.25
10/24/20,Vancouver,San Jose,,,,,32,20,1.54,1.2,1.37,30,45.45,26.67,54.55,73.33,46,54,4,10,2,0.4
10/24/20,San Jose,Vancouver,,,,,45.45,26.67,1.74,1.9,1.82,46,32,20,68,80,30,70,2,20,1,0.1
10/25/20,LAFC,LA Galaxy,,,,,61.9,28.57,2.27,2.6,2.43,60,20,10,80,90,21,79,7,27,2,0.259
10/25/20,LA Galaxy,LAFC,,,,,20,10,1.49,0.9,1.19,21,61.9,28.57,38.1,71.43,60,40,1,5,0,0.2
10/27/20,Montreal,Nashville,,,,,35.09,26.67,1.43,1.1,1.27,48,38.1,29.41,61.9,70.59,26,74,2,6,0,0.333
10/27/20,Nashville,Montreal,,,,,38.1,29.41,1.49,1.8,1.64,26,35.09,26.67,64.91,73.33,48,52,5,16,1,0.313
10/27/20,Vancouver,Seattle,,,,,16.67,14.29,1.11,0.8,0.96,22,64.52,40,35.48,60,55,45,0,4,0,0
10/27/20,Seattle,Vancouver,,,,,64.52,40,2.04,2.5,2.27,55,16.67,14.29,83.33,85.71,22,78,4,10,2,0.4
10/28/20,Cincinnati,Sporting KC,,,,,25,20,1.28,1.1,1.19,26,52.38,33.33,47.62,66.67,48,52,3,12,0,0.25
10/28/20,Sporting KC,Cincinnati,,,,,52.38,33.33,1.74,1.7,1.72,48,25,20,75,80,26,74,4,12,1,0.333
10/28/20,NY Red Bulls,New England,,,,,43.48,29.41,1.63,2,1.81,43,32.26,25,67.74,75,32,68,3,13,1,0.231
10/28/20,New England,NY Red Bulls,,,,,32.26,25,1.42,0.8,1.11,32,43.48,29.41,56.52,70.59,43,57,2,14,0,0.143
10/28/20,Orlando,Atlanta,,,,,57.89,38.1,1.86,2.3,2.08,48,21.74,18.18,78.26,81.82,25,75,6,15,4,0.4
10/28/20,Atlanta,Orlando,,,,,21.74,18.18,1.19,0.7,0.95,25,57.89,38.1,42.11,61.9,48,52,3,15,1,0.2
10/28/20,Philadelphia,Chicago,,,,,52.38,29.41,1.86,2.4,2.13,60,23.81,16.67,76.19,83.33,20,80,7,14,2,0.5
10/28/20,Chicago,Philadelphia,,,,,23.81,16.67,1.39,0.7,1.05,20,52.38,29.41,47.62,70.59,60,40,3,12,1,0.25
10/28/20,Toronto,NYCFC,,,,,39.22,26.67,1.57,1.7,1.64,46,37.04,25,62.96,75,30,70,0,7,0,0
10/28/20,NYCFC,Toronto,,,,,37.04,25,1.54,1.1,1.32,30,39.22,26.67,60.78,73.33,46,54,5,15,1,0.333
10/28/20,DC United,Columbus,,,,,28.57,23.08,1.33,1,1.16,34,46.67,33.33,53.33,66.67,40,60,1,9,1,0.111
10/28/20,Columbus,DC United,,,,,46.67,33.33,1.63,1.8,1.71,40,28.57,23.08,71.43,76.92,34,66,0,7,0,0
10/28/20,Minnesota,Colorado,,,,,48.78,29.41,1.79,2,1.9,45,29.41,20,70.59,80,32,68,5,26,2,0.192
10/28/20,Colorado,Minnesota,,,,,29.41,20,1.42,1,1.21,32,48.78,29.41,51.22,70.59,45,55,4,12,1,0.333
10/28/20,Dallas,Miami,,,,,38.46,28.57,1.46,1.3,1.38,39,38.46,28.57,61.54,71.43,35,65,4,11,1,0.364
10/28/20,Miami,Dallas,,,,,38.46,28.57,1.46,1.4,1.43,35,38.46,28.57,61.54,71.43,39,61,6,10,0,0.6
10/28/20,Portland,LA Galaxy,,,,,53.49,26.67,2.01,2.6,2.31,52,25.33,15.38,74.67,84.62,27,73,6,12,5,0.5
10/28/20,LA Galaxy,Portland,,,,,25.33,15.38,1.49,0.6,1.04,27,53.49,26.67,46.51,73.33,52,48,6,13,2,0.462
10/28/20,LAFC,Houston,,,,,66.67,36.36,2.23,2.4,2.31,61,14.29,10,85.71,90,19,81,6,28,2,0.214
10/28/20,Houston,LAFC,,,,,14.29,10,1.21,1.1,1.16,19,66.67,36.36,33.33,63.64,61,39,3,9,1,0.333
10/28/20,San Jose,Real Salt Lake,,,,,43.48,28.57,1.7,2,1.85,47,33.33,23.08,66.67,76.92,27,73,5,13,2,0.385
10/28/20,Real Salt Lake,San Jose,,,,,33.33,23.08,1.46,1,1.23,27,43.48,28.57,56.52,71.43,47,53,0,9,0,0
10/31/20,Dallas,Houston,,,,,48.28,26.67,1.86,1.7,1.78,50,27.78,16.67,72.22,83.33,27,73,9,14,3,0.643
10/31/20,Houston,Dallas,,,,,27.78,16.67,1.54,1.3,1.42,27,48.28,26.67,51.72,73.33,50,50,3,14,0,0.214
10/31/20,Nashville,Chicago,,,,,43.33,29.41,1.62,1.5,1.56,37,31.25,25,68.75,75,37,63,2,10,1,0.2
10/31/20,Chicago,Nashville,,,,,31.25,25,1.36,1.3,1.33,37,43.33,29.41,56.67,70.59,37,63,5,12,1,0.417
11/1/20,Columbus,Philadelphia,,,,,44.44,29.41,1.7,1.2,1.45,36,33.33,23.08,66.67,76.92,38,62,3,7,2,0.429
11/1/20,Philadelphia,Columbus,,,,,33.33,23.08,1.42,1.6,1.51,38,44.44,29.41,55.56,70.59,36,64,8,21,1,0.381
11/1/20,NYCFC,NY Red Bulls,,,,,57.89,38.1,1.8,1.8,1.8,58,19.61,18.18,80.39,81.82,20,80,9,18,5,0.5
11/1/20,NY Red Bulls,NYCFC,,,,,19.61,18.18,1.14,1.3,1.22,20,57.89,38.1,42.11,61.9,58,42,5,11,2,0.455
11/1/20,Montreal,Orlando,,,,,29.9,18.18,1.49,1.5,1.49,38,47.37,26.67,52.63,73.33,38,62,5,16,0,0.313
11/1/20,Orlando,Montreal,,,,,47.37,26.67,1.83,1.6,1.72,38,29.9,18.18,70.1,81.82,38,62,5,9,1,0.556
11/1/20,New England,DC United,,,,,66.67,47.62,2.05,1.7,1.88,59,14.08,15.38,85.92,84.62,18,82,8,18,4,0.444
11/1/20,DC United,New England,,,,,14.08,15.38,0.96,1.3,1.13,18,66.67,47.62,33.33,52.38,59,41,5,7,3,0.714
11/1/20,Toronto,Miami,,,,,43.48,29.41,1.62,1.6,1.61,42,32.08,25,67.92,75,32,68,2,8,2,0.25
11/1/20,Miami,Toronto,,,,,32.08,25,1.43,1.2,1.32,32,43.48,29.41,56.52,70.59,42,58,2,12,1,0.167
11/1/20,Colorado,Seattle,,,,,33.33,20,1.62,1.6,1.61,37,44.19,25,55.81,75,39,61,10,15,3,0.667
11/1/20,Seattle,Colorado,,,,,44.19,25,1.74,1.6,1.67,39,33.33,20,66.67,80,37,63,3,9,1,0.333
11/1/20,Portland,Vancouver,,,,,70.59,38.1,2.29,2.3,2.3,70,13.33,10,86.67,90,12,88,3,11,1,0.273
11/1/20,Vancouver,Portland,,,,,13.33,10,1.16,1.2,1.18,12,70.59,38.1,29.41,61.9,70,30,2,11,0,0.182
11/1/20,LA Galaxy,Real Salt Lake,,,,,46.51,26.67,1.82,1.6,1.71,47,29.41,20,70.59,80,28,72,4,8,2,0.5
11/1/20,Real Salt Lake,LA Galaxy,,,,,29.41,20,1.49,1.5,1.49,28,46.51,26.67,53.49,73.33,47,53,1,9,1,0.111
11/4/20,Orlando,Columbus,,,,,46.43,29.41,1.7,1.8,1.75,51,31.25,22.22,68.75,77.78,25,75,4,13,2,0.308
11/4/20,Columbus,Orlando,,,,,31.25,22.22,1.43,1,1.22,25,46.43,29.41,53.57,70.59,51,49,4,11,1,0.364
11/4/20,Minnesota,Chicago,,,,,45.45,28.57,1.83,1.8,1.82,41,27.78,18.18,72.22,81.82,35,65,7,14,2,0.5
11/4/20,Chicago,Minnesota,,,,,27.78,18.18,1.46,1.2,1.33,35,45.45,28.57,54.55,71.43,41,59,7,17,2,0.412
11/4/20,Nashville,Dallas,,,,,45.45,36.36,1.54,1.8,1.67,40,29.41,26.67,70.59,73.33,32,68,3,12,0,0.25
11/4/20,Dallas,Nashville,,,,,29.41,26.67,1.24,0.9,1.07,32,45.45,36.36,54.55,63.64,40,60,6,10,1,0.6
11/4/20,Portland,Colorado,,,,,50,29.41,1.83,2.2,2.02,49,27.42,18.18,72.58,81.82,29,71,0,11,0,0
11/4/20,Colorado,Portland,,,,,27.42,18.18,1.43,0.9,1.17,29,50,29.41,50,70.59,49,51,4,8,1,0.5
11/4/20,LA Galaxy,Seattle,,,,,28.57,18.18,1.46,1,1.23,35,48.28,28.57,51.72,71.43,42,58,3,12,1,0.25
11/4/20,Seattle,LA Galaxy,,,,,48.28,28.57,1.83,2.1,1.97,42,28.57,18.18,71.43,81.82,35,65,3,19,1,0.158
11/8/20,Chicago,NYCFC,,,,,36.84,22.22,1.65,1.7,1.67,46,39.22,23.08,60.78,76.92,32,68,7,19,3,0.368
11/8/20,NYCFC,Chicago,,,,,39.22,23.08,1.74,1.4,1.57,32,36.84,22.22,63.16,77.78,46,54,10,20,4,0.5
11/8/20,Columbus,Atlanta,,,,,53.33,33.33,1.78,2.2,1.99,42,25.09,20,74.91,80,31,69,4,10,2,0.4
11/8/20,Atlanta,Columbus,,,,,25.09,20,1.28,0.9,1.09,31,53.33,33.33,46.67,66.67,42,58,2,10,1,0.2
11/8/20,DC United,Montreal,,,,,44.44,26.67,1.74,2,1.87,43,32.26,22.22,67.74,77.78,32,68,7,18,2,0.389
11/8/20,Montreal,DC United,,,,,32.26,22.22,1.49,0.9,1.19,32,44.44,26.67,55.56,73.33,43,57,6,20,3,0.3
11/8/20,Miami,Cincinnati,,,,,70.59,44.44,2.23,3.1,2.66,74,12.5,11.11,87.5,88.89,7,93,4,12,2,0.333
11/8/20,Cincinnati,Miami,,,,,12.5,11.11,1.05,0.3,0.67,7,70.59,44.44,29.41,55.56,74,26,4,13,1,0.308
11/8/20,NY Red Bulls,Toronto,,,,,48.78,28.57,1.82,2,1.91,42,26.67,20,73.33,80,34,66,6,8,2,0.75
11/8/20,Toronto,NY Red Bulls,,,,,26.67,20,1.42,0.9,1.16,34,48.78,28.57,51.22,71.43,42,58,4,11,1,0.364
11/8/20,Orlando,Nashville,,,,,53.57,38.1,1.74,2.1,1.92,58,21.74,20,78.26,80,17,83,4,13,2,0.308
11/8/20,Nashville,Orlando,,,,,21.74,20,1.19,0.8,1,17,53.57,38.1,46.43,61.9,58,42,6,11,3,0.545
11/8/20,Philadelphia,New England,,,,,49.15,28.57,1.82,2.2,2.01,60,27.78,20,72.22,80,18,82,5,18,2,0.278
11/8/20,New England,Philadelphia,,,,,27.78,20,1.43,0.6,1.02,18,49.15,28.57,50.85,71.43,60,40,1,9,0,0.111
11/8/20,Houston,Colorado,,,,,45.16,25,1.78,2.1,1.94,44,32.26,20,67.74,80,33,67,6,18,1,0.333
11/8/20,Colorado,Houston,,,,,32.26,20,1.62,1.1,1.36,33,45.16,25,54.84,75,44,56,6,12,2,0.5
11/8/20,LAFC,Portland,,,,,62.07,26.67,2.2,2.5,2.35,59,18.18,10,81.82,90,22,78,7,14,1,0.5
11/8/20,Portland,LAFC,,,,,18.18,10,1.51,1,1.26,22,62.07,26.67,37.93,73.33,59,41,3,8,1,0.375
11/8/20,Minnesota,Dallas,,,,,44.83,28.57,1.93,1.8,1.87,45,28.13,21.74,71.88,78.26,31,69,8,18,3,0.444
11/8/20,Dallas,Minnesota,,,,,28.13,21.74,1.65,1,1.32,31,44.83,28.57,55.17,71.43,45,55,4,17,0,0.235
11/8/20,Real Salt Lake,Sporting KC,,,,,34.78,22.22,1.62,1.6,1.61,39,41.67,25,58.33,75,34,66,4,10,0,0.4
11/8/20,Sporting KC,Real Salt Lake,,,,,41.67,25,1.7,1.4,1.55,34,34.78,22.22,65.22,77.78,39,61,8,13,2,0.615
11/8/20,Seattle,San Jose,,,,,60.24,36.36,2.1,2.7,2.4,64,18.18,14.29,81.82,85.71,15,85,5,10,4,0.5
11/8/20,San Jose,Seattle,,,,,18.18,14.29,1.28,0.6,0.94,15,60.24,36.36,39.76,63.64,64,36,3,5,1,0.6
11/8/20,Vancouver,LA Galaxy,,,,,33.33,22.22,1.54,1.2,1.37,35,43.9,26.67,56.1,73.33,41,59,6,16,3,0.375
11/8/20,LA Galaxy,Vancouver,,,,,43.9,26.67,1.74,2,1.87,41,33.33,22.22,66.67,77.78,35,65,6,12,0,0.5
11/20/20,Nashville,Miami,,,,,38.17,45.45,1.61,1.8,1.71,55,23.81,28.57,76.19,71.43,45,55,3,6,3,0.5
11/20/20,Miami,Nashville,,,,,23.81,28.57,0.96,0.9,0.93,45,38.17,45.45,61.83,54.55,55,45,3,9,0,0.333333333
11/21/20,Orlando,NYCFC,,,,,39.22,25,1.63,1.7,1.66,52,37.74,25,62.26,75,48,52,3,16,1,0.1875
11/21/20,NYCFC,Orlando,,,,,37.74,25,1.63,1.2,1.41,48,39.22,25,60.78,75,52,48,7,26,1,0.269230769
11/21/20,Columbus,NY Red Bulls,,,,,52.08,33.33,1.79,2.1,1.95,62,26.32,20,73.68,80,38,62,10,16,3,0.625
11/21/20,NY Red Bulls,Columbus,,,,,26.32,20,1.33,0.8,1.06,38,52.08,33.33,47.92,66.67,62,38,4,14,2,0.286
11/21/20,Sporting KC,San Jose,,,,,59.52,30.77,2.05,2.3,2.18,72,21.05,14.29,78.95,85.71,28,72,8,14,3,0.571
11/21/20,San Jose,Sporting KC,,,,,21.05,14.29,1.33,0.9,1.11,28,59.52,30.77,40.48,69.23,72,28,8,17,3,0.471
11/21/20,Minnesota,Colorado,,,,,46.51,28.57,1.74,1.9,1.82,60,30.77,22.22,69.23,77.78,40,60,8,17,3,0.471
11/21/20,Colorado,Minnesota,,,,,30.77,22.22,1.46,1.2,1.33,40,46.51,28.57,53.49,71.43,60,40,6,17,0,0.353
11/22/20,Portland,Dallas,,,,,48.31,33.33,1.74,2.1,1.92,62,28.57,22.22,71.43,77.78,38,62,8,22,1,0.364
11/22/20,Dallas,Portland,,,,,28.57,22.22,1.33,0.8,1.06,38,48.31,33.33,51.69,66.67,62,38,5,12,1,0.417
11/24/20,Toronto,Nashville,,,,,44.44,33.33,1.54,1.8,1.67,69,32.79,26.67,67.21,73.33,31,69,4,13,0,0.308
11/24/20,Nashville,Toronto,,,,,32.79,26.67,1.33,1,1.16,31,44.44,33.33,55.56,66.67,69,31,6,22,1,0.273
11/24/20,Philadelphia,New England,,,,,52.36,30.77,1.83,2.6,2.22,71,26.67,18.18,73.33,81.82,29,71,4,15,0,0.267
11/24/20,New England,Philadelphia,,,,,26.67,18.18,1.33,0.4,0.86,29,52.36,30.77,47.64,69.23,71,29,4,11,2,0.364
11/24/20,Seattle,LAFC,,,,,45.45,23.09,1.86,2,1.93,61,32.68,18.18,67.32,81.82,39,61,3,14,3,0.214
11/24/20,LAFC,Seattle,,,,,32.68,18.18,1.7,1.2,1.45,39,45.45,23.09,54.55,76.91,61,39,3,11,1,0.273
11/29/20,Orlando,New England,,,,,44.44,29.41,1.63,2,1.81,58,32.26,25,67.74,75,42,58,,,,
11/29/20,New England,Orlando,,,,,32.26,25,1.43,0.8,1.12,42,44.44,29.41,55.56,70.59,58,42,,,,
11/29/20,Columbus,Nashville,,,,,43.29,36.36,1.57,2,1.79,64,31.55,28.57,68.45,71.43,36,64,,,,
11/29/20,Nashville,Columbus,,,,,31.55,28.57,1.38,0.6,0.99,36,43.29,36.36,56.71,63.64,64,36,,,,
12/1/20,Seattle,Dallas,,,,,60.24,38.17,1.94,2.6,2.27,73,19.23,16.67,80.77,83.33,27,73,,,,
12/1/20,Dallas,Seattle,,,,,19.23,16.67,1.16,0.2,0.68,27,60.24,38.17,39.76,61.83,73,27,,,,
12/2/20,Sporting KC,Minnesota,,,,,59.88,38.17,2.01,2.3,2.16,64,18.18,15.38,81.82,84.62,36,64,,,,
12/2/20,Minnesota,Sporting KC,,,,,18.18,15.38,1.16,0.6,0.88,36,59.88,38.17,40.12,61.83,64,36,,,,